employee_id,will_breach,risk_score
E1099,1,0.949
E1104,1,0.895
E1042,1,0.883
E1061,1,0.88
E1087,1,0.83
E1211,1,0.828
E1044,1,0.818
E1106,1,0.814
E1181,1,0.793
E1142,1,0.791
E1122,1,0.779
E1017,1,0.755
E1183,1,0.751
E1050,1,0.732
E1130,1,0.719
E1066,1,0.627
E1015,1,0.608
E1031,1,0.605
E1010,1,0.595
E1132,1,0.591
E1210,1,0.584
E1039,1,0.566
E1162,1,0.561
E1121,1,0.559
E1168,1,0.551
E1163,1,0.512
E1067,1,0.508
E1005,1,0.508
E1047,1,0.504
E1124,1,0.5
E1184,1,0.493
E1153,1,0.489
E1108,1,0.486
E1069,1,0.478
E1074,1,0.476
E1038,1,0.46
E1197,1,0.459
E1105,1,0.456
E1075,1,0.43
E1120,1,0.4
E1016,1,0.395
E1146,1,0.376
E1068,1,0.376
E1089,1,0.363
E1045,1,0.36
E1095,1,0.355
E1172,1,0.353
E1055,1,0.34
E1156,1,0.34
E1051,1,0.334
E1003,1,0.326
E1084,1,0.326
E1048,1,0.319
E1001,1,0.311
E1058,1,0.295
E1063,1,0.285
E1209,1,0.281
E1152,1,0.281
E1057,1,0.278
E1178,1,0.268
E1032,1,0.267
E1138,1,0.265
E1167,1,0.265
E1164,1,0.265
E1059,1,0.253
E1151,1,0.252
E1123,1,0.252
E1125,1,0.244
E1118,1,0.24
E1111,1,0.238
E1202,1,0.218
E1143,1,0.214
E1041,1,0.201
E1171,1,0.199
E1116,1,0.198
E1065,1,0.196
E1166,1,0.188
E1213,1,0.182
E1012,1,0.173
E1188,1,0.171
E1186,1,0.167
E1004,1,0.162
E1117,1,0.159
E1141,1,0.155
E1022,1,0.154
E1198,1,0.153
E1025,1,0.149
E1201,1,0.147
E1056,1,0.146
E1006,1,0.136
E1185,1,0.136
E1082,0,0.127
E1192,0,0.124
E1029,0,0.113
E1207,0,0.11
E1115,0,0.105
E1136,0,0.105
E1140,0,0.103
E1073,0,0.103
E1077,0,0.102
E1040,0,0.101
E1046,0,0.098
E1165,0,0.095
E1199,0,0.093
E1060,0,0.093
E1113,0,0.089
E1195,0,0.087
E1054,0,0.087
E1052,0,0.083
E1158,0,0.083
E1088,0,0.08
E1026,0,0.079
E1177,0,0.078
E1160,0,0.078
E1027,0,0.078
E1180,0,0.077
E1135,0,0.075
E1112,0,0.075
E1062,0,0.074
E1013,0,0.071
E1208,0,0.071
E1189,0,0.067
E1011,0,0.067
E1049,0,0.059
E1043,0,0.057
E1119,0,0.055
E1072,0,0.054
E1194,0,0.053
E1018,0,0.051
E1002,0,0.05
E1096,0,0.044
E1205,0,0.044
E1173,0,0.043
E1161,0,0.037
E1169,0,0.034
E1100,0,0.034
E1206,0,0.034
E1128,0,0.031
E1085,0,0.03
E1175,0,0.028
E1131,0,0.028
E1071,0,0.027
E1126,0,0.027
E1148,0,0.024
E1134,0,0.024
E1030,0,0.024
E1107,0,0.023
E1110,0,0.023
E1203,0,0.022
E1086,0,0.021
E1187,0,0.019
E1070,0,0.016
E1098,0,0.013
E1133,0,0.013
E1150,0,0.012
E1081,0,0.011
E1092,0,0.011
E1212,0,0.011
E1179,0,0.011
E1008,0,0.01
E1020,0,0.01
E1019,0,0.01
E1080,0,0.009
E1007,0,0.008
E1053,0,0.008
E1037,0,0.008
E1159,0,0.007
E1127,0,0.007
E1079,0,0.007
E1023,0,0.006
E1103,0,0.005
E1109,0,0.005
E1034,0,0.005
E1083,0,0.005
E1036,0,0.004
E1033,0,0.004
E1176,0,0.004
E1174,0,0.004
E1091,0,0.004
E1114,0,0.003
E1149,0,0.003
E1191,0,0.002
E1155,0,0.002
E1139,0,0.002
E1200,0,0.002
E1078,0,0.002
E1021,0,0.002
E1024,0,0.002
E1154,0,0.002
E1129,0,0.001
E1028,0,0.001
E1076,0,0.001
E1064,0,0.001
E1190,0,0.001
E1093,0,0.001
E1137,0,0.001
E1144,0,0.001
E1147,0,0.001
E1204,0,0.001
E1009,0,0.0
E1035,0,0.0
E1102,0,0.0
E1101,0,0.0
E1090,0,0.0
E1145,0,0.0
E1097,0,0.0
E1094,0,0.0
E1157,0,0.0
E1170,0,0.0
E1196,0,0.0
E1182,0,0.0
E1193,0,0.0
E1014,0,
