0,White Wine,6,6,33
0,Cider,2,2,28
1,Cider,15,15,42
0,B52,2,2,202
2,Bloody Mary,119,119,189
1,Tequila shot,252,252,273
0,White Wine,100,100,126
1,Martini,35,35,96
2,Red Wine,3,3,28
0,Martini,3,3,64
1,Beer,45,45,72
2,Beer,2,2,28
0,Gin and Tonic,2,2,43
1,Mojito,25,25,100
2,Margarita,60,60,137
1,Beer,2,2,28
3,Gin and Tonic,1,1,42
1,Tequila shot,44,44,65
1,Pina Colada,4,4,105
3,B52,33,33,235
3,White Wine,1,1,26
3,Pina Colada,2,2,103
4,Margarita,1,1,76
3,Cider,1,1,27
4,Martini,1,1,62
3,Gin and Tonic,3,3,45
3,Bloody Mary,1,1,72
5,Pina Colada,1,1,101
6,Draft Beer,1,1,52
5,Gin and Tonic,12,12,53
6,Bloody Mary,1,1,71
7,Gin and Tonic,55,55,96
6,White Wine,2,2,28
7,White Wine,27,27,53
8,Beer,2,2,28
6,Beer,0,0,27
7,Mojito,2,2,77
8,Pina Colada,32,32,134
6,Pina Colada,99,99,200
9,Cosmopolitan,1,1,67
9,B52,1,1,212
9,Bloody Mary,2,2,80
0,Beer,6,6,31
0,White Wine,2,2,28
1,Margarita,1,1,76
0,B52,1,1,202
1,Tequila shot,145,145,166
1,Beer,3,3,30
1,Cosmopolitan,2,2,67
1,Draft Beer,2,2,53
2,White Wine,54,54,80
3,Pina Colada,23,23,124
4,B52,55,55,256
5,White Wine,141,141,168
2,Beer,207,207,233
3,Draft Beer,163,163,214
4,Cosmopolitan,122,122,187
5,White Wine,20,20,48
1,Gin and Tonic,488,488,529
6,Gin and Tonic,8,8,50
3,White Wine,109,109,134
4,Cosmopolitan,121,121,186
6,Gin and Tonic,1,1,42
5,Beer,106,106,132
1,Mojito,132,132,208
3,White Wine,92,92,117
6,Martini,43,43,105
5,Martini,88,88,149
1,Pina Colada,64,64,164
7,Red Wine,26,26,52
3,Draft Beer,133,133,183
6,Vodka shot,160,160,180
5,Vodka shot,121,121,142
5,Beer,3,3,29
3,Tequila shot,1,1,23
3,Cider,4,4,31
5,Mojito,2,2,78
8,Tequila shot,2,2,24
9,Cosmopolitan,2,2,67
8,Pina Colada,75,75,185
9,White Wine,60,60,86
8,Vodka shot,2,2,23
8,Pina Colada,2,2,109
0,Red Wine,6,6,32
1,Vodka shot,3,3,24
1,Margarita,3,3,79
2,Draft Beer,2,2,53
1,Beer,43,43,69
2,Bloody Mary,1,1,72
2,Martini,2,2,62
3,Tequila shot,1,1,22
3,Gin and Tonic,3,3,43
3,Cosmopolitan,1,1,66
3,Tequila shot,1,1,22
3,Margarita,4,4,81
3,Draft Beer,2,2,53
3,Tequila shot,1,1,23
4,Cider,1,1,28
5,Red Wine,1,1,27
4,White Wine,2,2,27
5,White Wine,2,2,28
4,Draft Beer,1,1,51
6,Cider,56,56,82
7,Martini,44,44,105
8,Cosmopolitan,47,47,112
6,Beer,46,46,71
5,Bloody Mary,127,127,199
8,Margarita,66,66,143
4,White Wine,271,271,296
6,Bloody Mary,98,98,170
5,White Wine,47,47,73
8,Mojito,69,69,145
4,Tequila shot,51,51,72
4,B52,3,3,203
9,Cosmopolitan,101,101,167
6,Draft Beer,282,282,339
9,Margarita,6,6,82
5,Draft Beer,396,396,453
8,Cider,416,416,441
4,Draft Beer,309,309,370
6,Beer,143,143,168
9,Martini,110,110,183
5,B52,105,105,317
6,Cider,194,194,219
9,B52,137,137,346
9,White Wine,3,3,28
9,Cider,1,1,27
9,Bloody Mary,2,2,85
0,White Wine,5,5,31
1,Cider,59,59,85
2,Cider,1,1,27
0,B52,1,1,203
3,White Wine,21,21,47
4,Red Wine,8,8,34
1,Tequila shot,273,273,295
2,Bloody Mary,224,224,295
0,Martini,169,169,231
5,Beer,64,64,90
3,Beer,97,97,124
4,Gin and Tonic,96,96,137
1,Martini,265,265,326
5,Beer,56,56,81
6,Tequila shot,14,14,35
6,B52,3,3,204
7,Margarita,29,29,105
2,Mojito,464,464,540
0,Margarita,516,516,592
8,Martini,28,28,89
9,Bloody Mary,25,25,95
3,Gin and Tonic,686,686,726
10,Draft Beer,20,20,71
11,Gin and Tonic,52,52,93
12,Bloody Mary,22,22,92
13,White Wine,43,43,69
8,Pina Colada,235,235,336
10,White Wine,172,172,198
11,Beer,149,149,175
12,Beer,66,66,91
13,Mojito,66,66,142
4,Pina Colada,1185,1185,1286
1,White Wine,1225,1225,1251
5,Pina Colada,1236,1236,1338
14,Bloody Mary,71,71,142
15,Draft Beer,87,87,138
16,Cosmopolitan,96,96,161
17,White Wine,41,41,67
18,Pina Colada,10,10,111
19,Martini,14,14,75
14,Draft Beer,194,194,245
15,Pina Colada,245,245,346
20,Pina Colada,45,45,145
16,White Wine,436,436,462
21,Cider,9,9,36
17,Vodka shot,369,369,391
18,White Wine,321,321,348
19,Bloody Mary,298,298,369
22,Vodka shot,10,10,31
20,B52,124,124,325
21,Beer,286,286,311
22,B52,245,245,448
23,Red Wine,155,155,181
24,Bloody Mary,17,17,88
6,Cider,2684,2684,2709
2,Gin and Tonic,2447,2447,2488
23,Margarita,14,14,89
25,Red Wine,26,26,51
26,Martini,38,38,100
27,Bloody Mary,13,13,84
28,White Wine,42,42,68
29,Cider,27,27,53
24,Pina Colada,264,264,366
26,Tequila shot,148,148,175
27,Red Wine,66,66,91
29,Martini,75,75,150
28,Beer,148,148,174
3,Gin and Tonic,2840,2840,2885
11,Pina Colada,2512,2512,2614
10,Pina Colada,2607,2607,2722
12,Cosmopolitan,2709,2709,2774
13,B52,2691,2691,2892
4,Martini,2782,2782,2856
1,White Wine,2800,2800,2826
5,Draft Beer,2753,2753,2805
14,Red Wine,2358,2358,2385
15,Gin and Tonic,2266,2266,2320
17,Draft Beer,2240,2240,2296
19,B52,2045,2045,2259
20,Martini,2170,2170,2245
21,Tequila shot,2129,2129,2153
22,Cosmopolitan,2041,2041,2107
6,Pina Colada,1881,1881,1985
23,Margarita,1881,1881,1957
26,Draft Beer,1653,1653,1713
24,Cider,1624,1624,1652
27,Cosmopolitan,1572,1572,1637
29,Cosmopolitan,1597,1597,1663
28,Martini,1639,1639,1701
3,Red Wine,1646,1646,1672
11,Mojito,1572,1572,1648
12,Gin and Tonic,1530,1530,1576
10,Cider,1583,1583,1609
13,Tequila shot,1443,1443,1465
1,B52,1219,1219,1433
5,Cider,1424,1424,1449
15,Cosmopolitan,1356,1356,1422
19,Gin and Tonic,1243,1243,1298
21,Margarita,1201,1201,1277
20,Pina Colada,1201,1201,1314
22,Tequila shot,1274,1274,1299
6,Bloody Mary,1121,1121,1197
23,Mojito,1174,1174,1250
26,Red Wine,1161,1161,1186
24,Martini,1162,1162,1226
27,Vodka shot,1217,1217,1242
29,Cosmopolitan,1175,1175,1240
28,Margarita,1107,1107,1183
3,Bloody Mary,1130,1130,1202
11,Beer,1163,1163,1188
13,Margarita,1191,1191,1266
10,Red Wine,1199,1199,1226
15,Mojito,924,924,1000
19,Vodka shot,884,884,917
20,Gin and Tonic,716,716,770
6,Tequila shot,640,640,663
23,Vodka shot,621,621,652
27,Bloody Mary,638,638,722
26,Margarita,686,686,762
29,Cosmopolitan,694,694,761
28,Gin and Tonic,641,641,683
11,Cider,562,562,588
3,Martini,578,578,650
13,Pina Colada,611,611,722
19,Beer,662,662,687
10,Mojito,669,669,745
15,Draft Beer,707,707,769
6,Cider,758,758,785
20,Pina Colada,712,712,821
27,Draft Beer,627,627,683
26,Draft Beer,673,673,737
29,Beer,691,691,717
28,Pina Colada,629,629,736
11,Draft Beer,710,710,767
3,Mojito,687,687,762
13,Martini,644,644,708
19,Tequila shot,699,699,729
10,Beer,643,643,669
20,Beer,441,441,467
27,Pina Colada,442,442,550
19,Martini,184,184,246
0,Beer,7,7,33
0,White Wine,3,3,29
0,Margarita,2,2,79
0,B52,2,2,203
1,Tequila shot,72,72,93
1,Cosmopolitan,2,2,67
2,Draft Beer,44,44,96
0,Beer,155,155,182
3,White Wine,3,3,29
2,Pina Colada,16,16,117
4,Gin and Tonic,28,28,69
5,Beer,38,38,65
3,White Wine,43,43,70
6,Draft Beer,8,8,59
7,White Wine,20,20,46
4,White Wine,53,53,80
5,Cosmopolitan,66,66,133
8,Gin and Tonic,64,64,105
6,Mojito,93,93,169
7,Gin and Tonic,92,92,134
9,Martini,49,49,109
8,Pina Colada,95,95,196
10,Red Wine,28,28,53
11,Beer,2,2,28
9,Vodka shot,70,70,91
0,B52,853,853,1056
12,Cider,140,140,167
13,Tequila shot,112,112,133
14,Pina Colada,63,63,163
15,White Wine,47,47,73
11,Tequila shot,346,346,367
10,Mojito,357,357,433
16,Beer,3,3,28
17,Cider,32,32,58
13,Cosmopolitan,319,319,385
12,Vodka shot,323,323,343
15,Bloody Mary,131,131,202
18,Pina Colada,21,21,122
16,Vodka shot,224,224,245
17,Pina Colada,221,221,321
18,Red Wine,22,22,48
2,Cosmopolitan,1693,1693,1758
3,Beer,1618,1618,1643
5,White Wine,1552,1552,1578
4,Martini,1558,1558,1618
6,Draft Beer,1460,1460,1511
7,Vodka shot,1470,1470,1491
19,Cider,11,11,37
11,Pina Colada,927,927,1028
20,Martini,68,68,129
21,Gin and Tonic,124,124,165
22,Red Wine,120,120,146
23,Cider,109,109,135
19,Draft Beer,197,197,248
24,Martini,12,12,72
25,Draft Beer,27,27,78
26,Pina Colada,15,15,116
27,Red Wine,93,93,118
20,Tequila shot,333,333,354
28,Gin and Tonic,5,5,47
21,Beer,364,364,390
23,Cider,341,341,366
22,White Wine,358,358,384
24,Cosmopolitan,272,272,337
25,Bloody Mary,295,295,366
26,Cider,247,247,273
27,Bloody Mary,217,217,289
28,Vodka shot,260,260,280
10,B52,1820,1820,2021
29,Pina Colada,159,159,264
13,Tequila shot,2063,2063,2089
16,Bloody Mary,1907,1907,1981
29,Red Wine,3,3,28
15,Gin and Tonic,2017,2017,2064
17,Bloody Mary,1861,1861,1938
18,B52,1883,1883,2091
4,Gin and Tonic,1936,1936,1980
6,Draft Beer,1941,1941,1999
11,B52,1818,1818,2022
19,White Wine,1807,1807,1834
21,Draft Beer,1466,1466,1527
23,White Wine,1503,1503,1529
24,Tequila shot,1480,1480,1502
22,White Wine,1482,1482,1509
26,Bloody Mary,1381,1381,1463
28,Cosmopolitan,1459,1459,1525
25,Cosmopolitan,1526,1526,1593
27,Beer,1489,1489,1515
10,Vodka shot,1421,1421,1453
13,Gin and Tonic,1322,1322,1363
16,Tequila shot,1140,1140,1164
15,Red Wine,1108,1108,1134
17,Vodka shot,1020,1020,1048
18,Vodka shot,975,975,1001
4,Cider,859,859,884
19,Tequila shot,528,528,552
23,Draft Beer,466,466,528
22,B52,466,466,671
28,Gin and Tonic,620,620,672
25,Red Wine,602,602,629
10,White Wine,617,617,643
27,Tequila shot,588,588,614
16,Pina Colada,603,603,708
17,White Wine,649,649,675
13,Draft Beer,670,670,733
18,Beer,718,718,745
19,White Wine,691,691,716
15,Margarita,704,704,780
4,Mojito,727,727,803
23,Cosmopolitan,722,722,788
22,Tequila shot,659,659,683
27,Tequila shot,551,551,576
25,Margarita,491,491,566
10,B52,541,541,755
13,Margarita,563,563,639
19,Martini,536,536,603
15,Bloody Mary,595,595,677
4,Cider,572,572,598
23,B52,588,588,795
27,Mojito,799,799,876
25,B52,718,718,918
13,Vodka shot,619,619,643
4,Draft Beer,441,441,501
15,Draft Beer,492,492,549
23,White Wine,446,446,471
27,Gin and Tonic,287,287,335
13,Draft Beer,223,223,277
0,Red Wine,8,8,34
1,Vodka shot,1,1,21
2,Margarita,10,10,86
1,Draft Beer,86,86,137
3,Beer,38,38,64
2,Bloody Mary,17,17,88
4,Martini,29,29,89
3,Gin and Tonic,51,51,92
1,Tequila shot,131,131,152
1,Cosmopolitan,3,3,69
4,Margarita,44,44,119
5,Tequila shot,47,47,69
6,Cider,33,33,58
5,Red Wine,35,35,62
7,White Wine,32,32,57
2,Tequila shot,286,286,307
6,Cider,3,3,28
8,Martini,24,24,85
3,Draft Beer,341,341,392
4,White Wine,245,245,270
2,Draft Beer,195,195,245
9,White Wine,46,46,72
8,Beer,79,79,105
5,Cosmopolitan,237,237,303
6,Bloody Mary,263,263,334
9,White Wine,41,41,67
3,Margarita,249,249,324
8,Bloody Mary,174,174,245
5,Mojito,230,230,306
6,Tequila shot,133,133,154
9,B52,129,129,330
10,Cosmopolitan,171,171,237
11,Draft Beer,220,220,270
10,Beer,13,13,39
3,Draft Beer,486,486,537
12,Martini,16,16,77
11,B52,66,66,267
13,Cider,5,5,31
12,White Wine,137,137,163
14,B52,28,28,228
15,White Wine,206,206,231
16,Gin and Tonic,203,203,243
17,Red Wine,57,57,83
6,Draft Beer,1097,1097,1148
8,Cider,1120,1120,1145
15,Mojito,28,28,105
18,Draft Beer,83,83,136
19,Beer,59,59,85
20,Vodka shot,4,4,26
21,Pina Colada,5,5,107
22,Martini,75,75,136
23,Red Wine,114,114,140
24,Margarita,107,107,183
25,Tequila shot,147,147,168
26,Red Wine,110,110,135
16,Cider,582,582,608
17,White Wine,540,540,565
27,Pina Colada,23,23,124
20,Martini,528,528,589
18,Red Wine,565,565,591
19,Cider,564,564,589
28,White Wine,3,3,29
21,B52,469,469,670
29,Tequila shot,16,16,41
22,Margarita,654,654,731
24,White Wine,653,653,679
26,B52,553,553,754
27,Gin and Tonic,619,619,670
28,Cosmopolitan,481,481,548
29,Martini,460,460,526
9,Margarita,2646,2646,2721
10,Cider,2476,2476,2502
3,B52,2449,2449,2662
11,Bloody Mary,2484,2484,2562
12,Cosmopolitan,2364,2364,2429
6,Cosmopolitan,2105,2105,2171
15,Beer,2054,2054,2080
16,Martini,1585,1585,1646
17,Cosmopolitan,1571,1571,1638
20,Beer,1510,1510,1536
19,Pina Colada,1486,1486,1590
21,Margarita,1442,1442,1517
22,Bloody Mary,1341,1341,1416
24,Tequila shot,1309,1309,1335
26,Cider,1272,1272,1297
27,Margarita,1154,1154,1232
28,Margarita,1222,1222,1298
29,White Wine,1178,1178,1204
9,Pina Colada,1150,1150,1264
10,B52,1222,1222,1431
3,B52,1309,1309,1519
12,Cosmopolitan,1334,1334,1400
11,Pina Colada,1377,1377,1477
6,Gin and Tonic,1440,1440,1482
15,Bloody Mary,1397,1397,1471
16,White Wine,1407,1407,1432
17,Pina Colada,1425,1425,1529
20,Beer,1452,1452,1478
19,Red Wine,1351,1351,1378
21,Draft Beer,1353,1353,1416
24,Tequila shot,1386,1386,1410
22,Beer,1298,1298,1324
26,Martini,1315,1315,1377
28,Bloody Mary,1246,1246,1325
9,Beer,1127,1127,1152
10,Cider,1061,1061,1087
3,Red Wine,879,879,904
12,Pina Colada,793,793,900
11,Cosmopolitan,726,726,792
15,White Wine,635,635,660
16,Pina Colada,638,638,740
17,Vodka shot,672,672,697
20,Tequila shot,692,692,715
24,Pina Colada,686,686,798
19,Red Wine,749,749,775
22,Margarita,696,696,772
26,B52,708,708,916
9,Draft Beer,807,807,862
28,White Wine,855,855,881
10,Red Wine,872,872,898
12,Martini,742,742,804
11,Red Wine,811,811,836
17,Gin and Tonic,716,716,764
15,Cider,761,761,787
20,Mojito,775,775,850
16,Martini,792,792,865
24,Gin and Tonic,702,702,747
22,Vodka shot,677,677,701
26,Mojito,560,560,635
9,Cider,492,492,517
28,Cider,441,441,466
10,Margarita,439,439,514
11,Tequila shot,413,413,441
17,Vodka shot,433,433,457
15,Draft Beer,438,438,498
20,Pina Colada,424,424,532
16,Martini,457,457,532
24,Draft Beer,477,477,538
26,Cosmopolitan,437,437,502
28,White Wine,462,462,488
11,Draft Beer,474,474,527
17,Draft Beer,505,505,564
10,Draft Beer,562,562,619
15,Draft Beer,475,475,532
16,Bloody Mary,328,328,406
