0,White Wine,4,4,30
0,Cider,0,0,26
1,Cider,8,8,33
0,B52,0,0,201
1,Tequila shot,174,174,195
0,White Wine,23,23,49
1,Martini,36,36,97
2,Bloody Mary,241,241,311
0,Red Wine,1,1,28
1,Martini,7,7,68
2,Beer,0,0,26
0,Beer,0,0,26
1,Gin and Tonic,5,5,45
2,Mojito,0,0,76
1,Margarita,0,0,75
2,Beer,0,0,25
1,Gin and Tonic,0,0,42
3,Tequila shot,0,0,21
3,Pina Colada,4,4,104
1,B52,90,90,291
3,White Wine,96,96,121
3,Pina Colada,0,0,101
4,Margarita,0,0,77
3,Cider,49,49,75
4,Martini,0,0,63
3,Gin and Tonic,16,16,57
3,Bloody Mary,0,0,71
5,Pina Colada,0,0,101
6,Draft Beer,0,0,50
5,Gin and Tonic,12,12,53
6,Bloody Mary,0,0,71
7,Gin and Tonic,52,52,92
6,White Wine,0,0,26
7,White Wine,26,26,52
8,Beer,0,0,26
6,Beer,0,0,26
7,Mojito,1,1,77
8,Pina Colada,30,30,131
6,Pina Colada,95,95,196
9,Cosmopolitan,0,0,66
9,B52,0,0,211
9,Bloody Mary,0,0,71
