Scheduler,Patrons,Seed,AvgWait,AvgResponse,AvgTurnaround,MinWait,MaxWait,MinTurnaround,MaxTurnaround,Count
FCFS,10,42,24.9,24.9,87.4,0,175,25,233,42
FCFS,10,123,43.7,43.7,101.9,0,229,22,295,83
FCFS,10,999,49.3,49.3,106.8,0,271,21,337,128
FCFS,30,42,391.3,391.3,450.7,0,1634,21,1660,269
FCFS,30,123,441.2,441.2,499.9,0,1634,21,1660,396
FCFS,30,999,488.1,488.1,547.1,0,1634,21,1660,541
FCFS,50,42,864.5,864.5,924.5,0,3050,21,3100,784
FCFS,50,123,1010.5,1010.5,1070.4,0,3050,21,3100,1015
FCFS,50,999,1125.4,1125.4,1185.7,0,3170,21,3267,1225
SJF,10,42,22.8,22.8,85.2,0,230,21,300,42
SJF,10,123,40.4,40.4,98.8,0,295,21,371,83
SJF,10,999,43.6,43.6,101.2,0,557,20,770,128
SJF,30,42,283.9,283.9,343.2,0,6005,20,6206,269
SJF,30,123,300.4,300.4,359.2,0,6005,20,6206,396
SJF,30,999,335.1,335.1,394.1,0,6005,20,6206,541
SJF,50,42,562.8,562.8,622.8,0,10418,20,10632,784
SJF,50,123,660.0,660.0,719.9,0,10418,20,10632,1015
SJF,50,999,725.0,725.0,785.2,0,10418,20,10632,1225
PRIORITY,10,42,23.1,23.1,85.3,0,241,21,311,42
PRIORITY,10,123,41.0,41.0,99.2,0,445,21,486,83
PRIORITY,10,999,43.3,43.3,100.8,0,517,21,593,128
PRIORITY,30,42,294.1,294.1,353.6,0,4218,21,4294,269
PRIORITY,30,123,328.8,328.8,387.8,0,4218,21,4294,396
PRIORITY,30,999,379.1,379.1,438.2,0,5103,21,5129,541
PRIORITY,50,42,651.2,651.2,711.2,0,11795,21,11815,784
PRIORITY,50,123,761.4,761.4,821.3,0,11795,21,11815,1015
PRIORITY,50,999,871.1,871.1,931.5,0,11795,21,11815,1225
MLFQ,10,42,23.9,23.9,86.3,0,252,26,273,42
MLFQ,10,123,45.7,45.7,103.8,0,488,23,529,83
MLFQ,10,999,54.7,54.7,112.3,0,488,22,529,128
MLFQ,30,42,448.7,448.7,508.2,0,2840,22,2892,269
MLFQ,30,123,495.1,495.1,554.0,0,2840,22,2892,396
MLFQ,30,999,536.2,536.2,595.2,0,2840,21,2892,541
MLFQ,50,42,933.5,933.5,993.6,0,6287,21,6329,784
MLFQ,50,123,1067.5,1067.5,1127.5,0,6287,21,6329,1015
MLFQ,50,999,1162.8,1162.8,1223.1,0,6287,21,6329,1225
